year,metric,metric_order,baseline,percent,change,direction,band,band_value,y0,y1
2017,Paid streaming,0,29.23,29.23,0.0,increase,1,0,0,0
2017,Paid streaming,0,29.23,29.23,0.0,increase,2,0,0,0
2017,Paid streaming,0,29.23,29.23,0.0,increase,3,0,0,0
2017,Paid streaming,0,29.23,29.23,0.0,increase,4,0,0,0
2018,Paid streaming,0,29.23,37.17,7.94,increase,1,7.94,0,7.94
2018,Paid streaming,0,29.23,37.17,7.94,increase,2,0,0,0
2018,Paid streaming,0,29.23,37.17,7.94,increase,3,0,0,0
2018,Paid streaming,0,29.23,37.17,7.94,increase,4,0,0,0
2019,Paid streaming,0,29.23,48.69,19.46,increase,1,10,0,10
2019,Paid streaming,0,29.23,48.69,19.46,increase,2,9.46,0,9.46
2019,Paid streaming,0,29.23,48.69,19.46,increase,3,0,0,0
2019,Paid streaming,0,29.23,48.69,19.46,increase,4,0,0,0
2020,Paid streaming,0,29.23,55.42,26.19,increase,1,10,0,10
2020,Paid streaming,0,29.23,55.42,26.19,increase,2,10,0,10
2020,Paid streaming,0,29.23,55.42,26.19,increase,3,6.19,0,6.19
2020,Paid streaming,0,29.23,55.42,26.19,increase,4,0,0,0
2021,Paid streaming,0,29.23,58.32,29.09,increase,1,10,0,10
2021,Paid streaming,0,29.23,58.32,29.09,increase,2,10,0,10
2021,Paid streaming,0,29.23,58.32,29.09,increase,3,9.09,0,9.09
2021,Paid streaming,0,29.23,58.32,29.09,increase,4,0,0,0
2022,Paid streaming,0,29.23,59.39,30.16,increase,1,10,0,10
2022,Paid streaming,0,29.23,59.39,30.16,increase,2,10,0,10
2022,Paid streaming,0,29.23,59.39,30.16,increase,3,10,0,10
2022,Paid streaming,0,29.23,59.39,30.16,increase,4,0.16,0,0.16
2023,Paid streaming,0,29.23,65.56,36.33,increase,1,10,0,10
2023,Paid streaming,0,29.23,65.56,36.33,increase,2,10,0,10
2023,Paid streaming,0,29.23,65.56,36.33,increase,3,10,0,10
2023,Paid streaming,0,29.23,65.56,36.33,increase,4,6.33,0,6.33
2024,Paid streaming,0,29.23,68.66,39.43,increase,1,10,0,10
2024,Paid streaming,0,29.23,68.66,39.43,increase,2,10,0,10
2024,Paid streaming,0,29.23,68.66,39.43,increase,3,10,0,10
2024,Paid streaming,0,29.23,68.66,39.43,increase,4,9.43,0,9.43
2025,Paid streaming,0,29.23,67.64,38.41,increase,1,10,0,10
2025,Paid streaming,0,29.23,67.64,38.41,increase,2,10,0,10
2025,Paid streaming,0,29.23,67.64,38.41,increase,3,10,0,10
2025,Paid streaming,0,29.23,67.64,38.41,increase,4,8.41,0,8.41
2022,Short-form video,1,43.79,43.79,0.0,increase,1,0,13,13
2022,Short-form video,1,43.79,43.79,0.0,increase,2,0,13,13
2022,Short-form video,1,43.79,43.79,0.0,increase,3,0,13,13
2022,Short-form video,1,43.79,43.79,0.0,increase,4,0,13,13
2023,Short-form video,1,43.79,57.24,13.45,increase,1,10,13,23
2023,Short-form video,1,43.79,57.24,13.45,increase,2,3.45,13,16.45
2023,Short-form video,1,43.79,57.24,13.45,increase,3,0,13,13
2023,Short-form video,1,43.79,57.24,13.45,increase,4,0,13,13
2024,Short-form video,1,43.79,59.03,15.24,increase,1,10,13,23
2024,Short-form video,1,43.79,59.03,15.24,increase,2,5.24,13,18.24
2024,Short-form video,1,43.79,59.03,15.24,increase,3,0,13,13
2024,Short-form video,1,43.79,59.03,15.24,increase,4,0,13,13
2025,Short-form video,1,43.79,52.38,8.59,increase,1,8.59,13,21.59
2025,Short-form video,1,43.79,52.38,8.59,increase,2,0,13,13
2025,Short-form video,1,43.79,52.38,8.59,increase,3,0,13,13
2025,Short-form video,1,43.79,52.38,8.59,increase,4,0,13,13
2017,FTA catch-up,2,17.6,17.6,0.0,increase,1,0,26,26
2017,FTA catch-up,2,17.6,17.6,0.0,increase,2,0,26,26
2017,FTA catch-up,2,17.6,17.6,0.0,increase,3,0,26,26
2017,FTA catch-up,2,17.6,17.6,0.0,increase,4,0,26,26
2018,FTA catch-up,2,17.6,20.14,2.54,increase,1,2.54,26,28.54
2018,FTA catch-up,2,17.6,20.14,2.54,increase,2,0,26,26
2018,FTA catch-up,2,17.6,20.14,2.54,increase,3,0,26,26
2018,FTA catch-up,2,17.6,20.14,2.54,increase,4,0,26,26
2019,FTA catch-up,2,17.6,28.31,10.71,increase,1,10,26,36
2019,FTA catch-up,2,17.6,28.31,10.71,increase,2,0.71,26,26.71
2019,FTA catch-up,2,17.6,28.31,10.71,increase,3,0,26,26
2019,FTA catch-up,2,17.6,28.31,10.71,increase,4,0,26,26
2020,FTA catch-up,2,17.6,36.17,18.57,increase,1,10,26,36
2020,FTA catch-up,2,17.6,36.17,18.57,increase,2,8.57,26,34.57
2020,FTA catch-up,2,17.6,36.17,18.57,increase,3,0,26,26
2020,FTA catch-up,2,17.6,36.17,18.57,increase,4,0,26,26
2021,FTA catch-up,2,17.6,37.07,19.47,increase,1,10,26,36
2021,FTA catch-up,2,17.6,37.07,19.47,increase,2,9.47,26,35.47
2021,FTA catch-up,2,17.6,37.07,19.47,increase,3,0,26,26
2021,FTA catch-up,2,17.6,37.07,19.47,increase,4,0,26,26
2022,FTA catch-up,2,17.6,38.21,20.61,increase,1,10,26,36
2022,FTA catch-up,2,17.6,38.21,20.61,increase,2,10,26,36
2022,FTA catch-up,2,17.6,38.21,20.61,increase,3,0.61,26,26.61
2022,FTA catch-up,2,17.6,38.21,20.61,increase,4,0,26,26
2023,FTA catch-up,2,17.6,43.38,25.78,increase,1,10,26,36
2023,FTA catch-up,2,17.6,43.38,25.78,increase,2,10,26,36
2023,FTA catch-up,2,17.6,43.38,25.78,increase,3,5.78,26,31.78
2023,FTA catch-up,2,17.6,43.38,25.78,increase,4,0,26,26
2024,FTA catch-up,2,17.6,43.07,25.47,increase,1,10,26,36
2024,FTA catch-up,2,17.6,43.07,25.47,increase,2,10,26,36
2024,FTA catch-up,2,17.6,43.07,25.47,increase,3,5.47,26,31.47
2024,FTA catch-up,2,17.6,43.07,25.47,increase,4,0,26,26
2025,FTA catch-up,2,17.6,44.5,26.9,increase,1,10,26,36
2025,FTA catch-up,2,17.6,44.5,26.9,increase,2,10,26,36
2025,FTA catch-up,2,17.6,44.5,26.9,increase,3,6.9,26,32.9
2025,FTA catch-up,2,17.6,44.5,26.9,increase,4,0,26,26
2017,Free-to-air TV,3,70.61,70.61,0.0,increase,1,0,39,39
2017,Free-to-air TV,3,70.61,70.61,0.0,increase,2,0,39,39
2017,Free-to-air TV,3,70.61,70.61,0.0,increase,3,0,39,39
2017,Free-to-air TV,3,70.61,70.61,0.0,increase,4,0,39,39
2018,Free-to-air TV,3,70.61,64.93,-5.68,decrease,1,5.68,39,44.68
2018,Free-to-air TV,3,70.61,64.93,-5.68,decrease,2,0,39,39
2018,Free-to-air TV,3,70.61,64.93,-5.68,decrease,3,0,39,39
2018,Free-to-air TV,3,70.61,64.93,-5.68,decrease,4,0,39,39
2019,Free-to-air TV,3,70.61,63.71,-6.9,decrease,1,6.9,39,45.9
2019,Free-to-air TV,3,70.61,63.71,-6.9,decrease,2,0,39,39
2019,Free-to-air TV,3,70.61,63.71,-6.9,decrease,3,0,39,39
2019,Free-to-air TV,3,70.61,63.71,-6.9,decrease,4,0,39,39
2020,Free-to-air TV,3,70.61,61.08,-9.53,decrease,1,9.53,39,48.53
2020,Free-to-air TV,3,70.61,61.08,-9.53,decrease,2,0,39,39
2020,Free-to-air TV,3,70.61,61.08,-9.53,decrease,3,0,39,39
2020,Free-to-air TV,3,70.61,61.08,-9.53,decrease,4,0,39,39
2021,Free-to-air TV,3,70.61,53.56,-17.05,decrease,1,10,39,49
2021,Free-to-air TV,3,70.61,53.56,-17.05,decrease,2,7.05,39,46.05
2021,Free-to-air TV,3,70.61,53.56,-17.05,decrease,3,0,39,39
2021,Free-to-air TV,3,70.61,53.56,-17.05,decrease,4,0,39,39
2022,Free-to-air TV,3,70.61,56.26,-14.35,decrease,1,10,39,49
2022,Free-to-air TV,3,70.61,56.26,-14.35,decrease,2,4.35,39,43.35
2022,Free-to-air TV,3,70.61,56.26,-14.35,decrease,3,0,39,39
2022,Free-to-air TV,3,70.61,56.26,-14.35,decrease,4,0,39,39
2023,Free-to-air TV,3,70.61,51.53,-19.08,decrease,1,10,39,49
2023,Free-to-air TV,3,70.61,51.53,-19.08,decrease,2,9.08,39,48.08
2023,Free-to-air TV,3,70.61,51.53,-19.08,decrease,3,0,39,39
2023,Free-to-air TV,3,70.61,51.53,-19.08,decrease,4,0,39,39
2024,Free-to-air TV,3,70.61,46.5,-24.11,decrease,1,10,39,49
2024,Free-to-air TV,3,70.61,46.5,-24.11,decrease,2,10,39,49
2024,Free-to-air TV,3,70.61,46.5,-24.11,decrease,3,4.11,39,43.11
2024,Free-to-air TV,3,70.61,46.5,-24.11,decrease,4,0,39,39
2025,Free-to-air TV,3,70.61,52.2,-18.41,decrease,1,10,39,49
2025,Free-to-air TV,3,70.61,52.2,-18.41,decrease,2,8.41,39,47.41
2025,Free-to-air TV,3,70.61,52.2,-18.41,decrease,3,0,39,39
2025,Free-to-air TV,3,70.61,52.2,-18.41,decrease,4,0,39,39
