year,metric,percent,base_n
2017,Paid streaming,29.23,2277
2018,Paid streaming,37.17,2106
2019,Paid streaming,48.69,2067
2020,Paid streaming,55.42,2009
2021,Paid streaming,58.32,3586
2022,Paid streaming,59.39,3580
2023,Paid streaming,65.56,3572
2024,Paid streaming,68.66,3530
2025,Paid streaming,67.64,5990
2022,Short-form video,43.79,3580
2023,Short-form video,57.24,3572
2024,Short-form video,59.03,3530
2025,Short-form video,52.38,5990
2017,Free-to-air TV,70.61,2277
2018,Free-to-air TV,64.93,2106
2019,Free-to-air TV,63.71,2067
2020,Free-to-air TV,61.08,2009
2021,Free-to-air TV,53.56,3586
2022,Free-to-air TV,56.26,3580
2023,Free-to-air TV,51.53,3572
2024,Free-to-air TV,46.5,3530
2025,Free-to-air TV,52.2,5990
2017,FTA catch-up,17.6,2277
2018,FTA catch-up,20.14,2106
2019,FTA catch-up,28.31,2067
2020,FTA catch-up,36.17,2009
2021,FTA catch-up,37.07,3586
2022,FTA catch-up,38.21,3580
2023,FTA catch-up,43.38,3572
2024,FTA catch-up,43.07,3530
2025,FTA catch-up,44.5,5990
