year,service,percent,base_n
2021,YouTube,66.79,3586
2022,YouTube,59.86,3580
2023,YouTube,62.83,3572
2024,YouTube,72.2,3530
2025,YouTube,70.34,5990
2021,Netflix,65.86,3586
2022,Netflix,64.15,3580
2023,Netflix,61.13,3572
2024,Netflix,66.61,3530
2025,Netflix,65.44,5990
2021,Prime Video,18.02,3586
2022,Prime Video,20.62,3580
2023,Prime Video,25.3,3572
2024,Prime Video,34.14,3530
2025,Prime Video,33.8,5990
2021,Disney+,22.49,3586
2022,Disney+,28.21,3580
2023,Disney+,28.11,3572
2024,Disney+,33.81,3530
2025,Disney+,30.89,5990
2021,TikTok,12.19,3586
2022,TikTok,16.22,3580
2023,TikTok,17.75,3572
2024,TikTok,22.39,3530
2025,TikTok,22.88,5990
2021,Stan,25.33,3586
2022,Stan,24.9,3580
2023,Stan,22.11,3572
2024,Stan,25.06,3530
2025,Stan,22.54,5990
2021,Kayo,8.25,3586
2022,Kayo,9.1,3580
2023,Kayo,11.68,3572
2024,Kayo,14.52,3530
2025,Kayo,15.59,5990
2021,Binge,7.21,3586
2022,Binge,11.55,3580
2023,Binge,13.16,3572
2024,Binge,16.24,3530
2025,Binge,13.25,5990
